URL,80
yamato.b.sentiance.com,X,
preprod-api.sentiance.com,X,
api.h11.sentiance.com,X,
audience.sentiance.com,X,
resources-integration.sentiance.com,X,
journeys-preprod-api.sentiance.com,X,
serenity.b.sentiance.com,X,
journeys-api.sentiance.com,X,
insights.p9.sentiance.com,X,
coaching-api-rac.r10.sentiance.com,X,
resources.sentiance.com,X,
mtls-api.h11.sentiance.com,X,
api.d4.sentiance.com,X,
api.y13.sentiance.com,X,
api.sentiance.com,X,
www.staging3.sentiance.com,X,
developer.sentiance.com,X,
staging3.sentiance.com,X,
firehose.p9.sentiance.com,X,
insights.sentiance.com,X,
track.sentiance.com,X,
firehose-sink.sentiance.com,X,
insights.h11.sentiance.com,X,
preprod-insights.sentiance.com,X,
drive.sentiance.com,X,
tiles-integration.sentiance.com,X,
journeys-coaching-preprod.sentiance.com,X,
firehose-sink.p9.sentiance.com,X,
preprod-firehose.sentiance.com,X,
jobs.sentiance.com,X,
preprod-firehose-sink.sentiance.com,X,
www.sentiance.com,X,
developers.sentiance.com,X,
docs.sentiance.com,X,
repository.sentiance.com,X,
sentiance.com,X,
sentiance.com,X,
www.sentiance.com,X,
firehose.sentiance.com,X,
www.firehose.sentiance.com,X,
preprod-firehose.sentiance.com,X,
www.preprod-firehose.sentiance.com,X,
sentiance.com,X,
sentiance.com,X,
y13.sentiance.com,X,
y13.sentiance.com,X,
mtls-api.h11.sentiance.com,X,
www.mtls-api.h11.sentiance.com,X,
journeys-api.sentiance.com,X,
www.journeys-api.sentiance.com,X,
journeys-preprod-api.sentiance.com,X,
www.journeys-preprod-api.sentiance.com,X,
d4.sentiance.com,X,
d4.sentiance.com,X,
preprod-firehose-sink.sentiance.com,X,
www.preprod-firehose-sink.sentiance.com,X,
h11.sentiance.com,X,
h11.sentiance.com,X,
p9.sentiance.com,X,
p9.sentiance.com,X,
firehose.h11.sentiance.com,X,
www.firehose.h11.sentiance.com,X,
preprod-aaquita-api.sentiance.com,X,
r10.sentiance.com,X,
r10.sentiance.com,X,
firehose.p9.sentiance.com,X,
www.firehose.p9.sentiance.com,X,
preprod-aaquita-cdn.sentiance.com,X,
journeysbe.sentiance.com,X,
www.journeysbe.sentiance.com,X,
e6.sentiance.com,X,
e6.sentiance.com,X,
int.sentiance.com,X,
int.sentiance.com,X,
betadoc.sentiance.com,X,
cn.sentiance.com,X,
cn.sentiance.com,X,
api.p9.sentiance.com,X,
No names were discovered,X,