Protocol,Port,Domain,Request Status,Screenshot Path, Source Path
http,80,yamato.b.sentiance.com,Timeout,/home/Armoo/hunt/fast/sentiance.com/recon/2022-08-08_204435/screens/http.yamato.b.sentiance.com.png,/home/Armoo/hunt/fast/sentiance.com/recon/2022-08-08_204435/source/http.yamato.b.sentiance.com.txt
http,80,preprod-api.sentiance.com,Timeout,/home/Armoo/hunt/fast/sentiance.com/recon/2022-08-08_204435/screens/http.preprod-api.sentiance.com.png,/home/Armoo/hunt/fast/sentiance.com/recon/2022-08-08_204435/source/http.preprod-api.sentiance.com.txt
http,80,api.h11.sentiance.com,Timeout,/home/Armoo/hunt/fast/sentiance.com/recon/2022-08-08_204435/screens/http.api.h11.sentiance.com.png,/home/Armoo/hunt/fast/sentiance.com/recon/2022-08-08_204435/source/http.api.h11.sentiance.com.txt
http,80,audience.sentiance.com,Timeout,/home/Armoo/hunt/fast/sentiance.com/recon/2022-08-08_204435/screens/http.audience.sentiance.com.png,/home/Armoo/hunt/fast/sentiance.com/recon/2022-08-08_204435/source/http.audience.sentiance.com.txt
http,80,resources-integration.sentiance.com,Timeout,/home/Armoo/hunt/fast/sentiance.com/recon/2022-08-08_204435/screens/http.resources-integration.sentiance.com.png,/home/Armoo/hunt/fast/sentiance.com/recon/2022-08-08_204435/source/http.resources-integration.sentiance.com.txt
http,80,journeys-preprod-api.sentiance.com,Timeout,/home/Armoo/hunt/fast/sentiance.com/recon/2022-08-08_204435/screens/http.journeys-preprod-api.sentiance.com.png,/home/Armoo/hunt/fast/sentiance.com/recon/2022-08-08_204435/source/http.journeys-preprod-api.sentiance.com.txt
http,80,serenity.b.sentiance.com,Timeout,/home/Armoo/hunt/fast/sentiance.com/recon/2022-08-08_204435/screens/http.serenity.b.sentiance.com.png,/home/Armoo/hunt/fast/sentiance.com/recon/2022-08-08_204435/source/http.serenity.b.sentiance.com.txt
http,80,journeys-api.sentiance.com,Timeout,/home/Armoo/hunt/fast/sentiance.com/recon/2022-08-08_204435/screens/http.journeys-api.sentiance.com.png,/home/Armoo/hunt/fast/sentiance.com/recon/2022-08-08_204435/source/http.journeys-api.sentiance.com.txt
http,80,insights.p9.sentiance.com,Timeout,/home/Armoo/hunt/fast/sentiance.com/recon/2022-08-08_204435/screens/http.insights.p9.sentiance.com.png,/home/Armoo/hunt/fast/sentiance.com/recon/2022-08-08_204435/source/http.insights.p9.sentiance.com.txt
http,80,coaching-api-rac.r10.sentiance.com,Timeout,/home/Armoo/hunt/fast/sentiance.com/recon/2022-08-08_204435/screens/http.coaching-api-rac.r10.sentiance.com.png,/home/Armoo/hunt/fast/sentiance.com/recon/2022-08-08_204435/source/http.coaching-api-rac.r10.sentiance.com.txt
http,80,resources.sentiance.com,Timeout,/home/Armoo/hunt/fast/sentiance.com/recon/2022-08-08_204435/screens/http.resources.sentiance.com.png,/home/Armoo/hunt/fast/sentiance.com/recon/2022-08-08_204435/source/http.resources.sentiance.com.txt
http,80,mtls-api.h11.sentiance.com,Timeout,/home/Armoo/hunt/fast/sentiance.com/recon/2022-08-08_204435/screens/http.mtls-api.h11.sentiance.com.png,/home/Armoo/hunt/fast/sentiance.com/recon/2022-08-08_204435/source/http.mtls-api.h11.sentiance.com.txt
http,80,api.d4.sentiance.com,Timeout,/home/Armoo/hunt/fast/sentiance.com/recon/2022-08-08_204435/screens/http.api.d4.sentiance.com.png,/home/Armoo/hunt/fast/sentiance.com/recon/2022-08-08_204435/source/http.api.d4.sentiance.com.txt
http,80,api.y13.sentiance.com,Timeout,/home/Armoo/hunt/fast/sentiance.com/recon/2022-08-08_204435/screens/http.api.y13.sentiance.com.png,/home/Armoo/hunt/fast/sentiance.com/recon/2022-08-08_204435/source/http.api.y13.sentiance.com.txt
http,80,api.sentiance.com,Timeout,/home/Armoo/hunt/fast/sentiance.com/recon/2022-08-08_204435/screens/http.api.sentiance.com.png,/home/Armoo/hunt/fast/sentiance.com/recon/2022-08-08_204435/source/http.api.sentiance.com.txt
http,80,www.staging3.sentiance.com,Timeout,/home/Armoo/hunt/fast/sentiance.com/recon/2022-08-08_204435/screens/http.www.staging3.sentiance.com.png,/home/Armoo/hunt/fast/sentiance.com/recon/2022-08-08_204435/source/http.www.staging3.sentiance.com.txt
http,80,developer.sentiance.com,Timeout,/home/Armoo/hunt/fast/sentiance.com/recon/2022-08-08_204435/screens/http.developer.sentiance.com.png,/home/Armoo/hunt/fast/sentiance.com/recon/2022-08-08_204435/source/http.developer.sentiance.com.txt
http,80,staging3.sentiance.com,Timeout,/home/Armoo/hunt/fast/sentiance.com/recon/2022-08-08_204435/screens/http.staging3.sentiance.com.png,/home/Armoo/hunt/fast/sentiance.com/recon/2022-08-08_204435/source/http.staging3.sentiance.com.txt
http,80,firehose.p9.sentiance.com,Successful,/home/Armoo/hunt/fast/sentiance.com/recon/2022-08-08_204435/screens/http.firehose.p9.sentiance.com.png,/home/Armoo/hunt/fast/sentiance.com/recon/2022-08-08_204435/source/http.firehose.p9.sentiance.com.txt
http,80,insights.sentiance.com,Timeout,/home/Armoo/hunt/fast/sentiance.com/recon/2022-08-08_204435/screens/http.insights.sentiance.com.png,/home/Armoo/hunt/fast/sentiance.com/recon/2022-08-08_204435/source/http.insights.sentiance.com.txt
http,80,track.sentiance.com,Timeout,/home/Armoo/hunt/fast/sentiance.com/recon/2022-08-08_204435/screens/http.track.sentiance.com.png,/home/Armoo/hunt/fast/sentiance.com/recon/2022-08-08_204435/source/http.track.sentiance.com.txt
http,80,firehose-sink.sentiance.com,Successful,/home/Armoo/hunt/fast/sentiance.com/recon/2022-08-08_204435/screens/http.journeys-coaching-preprod.sentiance.com.png,/home/Armoo/hunt/fast/sentiance.com/recon/2022-08-08_204435/source/http.firehose-sink.sentiance.com.txt
http,80,insights.h11.sentiance.com,Timeout,/home/Armoo/hunt/fast/sentiance.com/recon/2022-08-08_204435/screens/http.insights.h11.sentiance.com.png,/home/Armoo/hunt/fast/sentiance.com/recon/2022-08-08_204435/source/http.insights.h11.sentiance.com.txt
http,80,preprod-insights.sentiance.com,Timeout,/home/Armoo/hunt/fast/sentiance.com/recon/2022-08-08_204435/screens/http.preprod-insights.sentiance.com.png,/home/Armoo/hunt/fast/sentiance.com/recon/2022-08-08_204435/source/http.preprod-insights.sentiance.com.txt
http,80,drive.sentiance.com,Successful,/home/Armoo/hunt/fast/sentiance.com/recon/2022-08-08_204435/screens/http.drive.sentiance.com.png,/home/Armoo/hunt/fast/sentiance.com/recon/2022-08-08_204435/source/http.drive.sentiance.com.txt
http,80,tiles-integration.sentiance.com,Successful,/home/Armoo/hunt/fast/sentiance.com/recon/2022-08-08_204435/screens/http.tiles-integration.sentiance.com.png,/home/Armoo/hunt/fast/sentiance.com/recon/2022-08-08_204435/source/http.tiles-integration.sentiance.com.txt
http,80,journeys-coaching-preprod.sentiance.com,Successful,/home/Armoo/hunt/fast/sentiance.com/recon/2022-08-08_204435/screens/http.journeys-coaching-preprod.sentiance.com.png,/home/Armoo/hunt/fast/sentiance.com/recon/2022-08-08_204435/source/http.journeys-coaching-preprod.sentiance.com.txt
http,80,firehose-sink.p9.sentiance.com,Successful,/home/Armoo/hunt/fast/sentiance.com/recon/2022-08-08_204435/screens/http.journeys-coaching-preprod.sentiance.com.png,/home/Armoo/hunt/fast/sentiance.com/recon/2022-08-08_204435/source/http.firehose-sink.p9.sentiance.com.txt
http,80,preprod-firehose.sentiance.com,Successful,/home/Armoo/hunt/fast/sentiance.com/recon/2022-08-08_204435/screens/http.preprod-firehose.sentiance.com.png,/home/Armoo/hunt/fast/sentiance.com/recon/2022-08-08_204435/source/http.preprod-firehose.sentiance.com.txt
http,80,jobs.sentiance.com,Successful,/home/Armoo/hunt/fast/sentiance.com/recon/2022-08-08_204435/screens/http.jobs.sentiance.com.png,/home/Armoo/hunt/fast/sentiance.com/recon/2022-08-08_204435/source/http.jobs.sentiance.com.txt
http,80,preprod-firehose-sink.sentiance.com,Successful,/home/Armoo/hunt/fast/sentiance.com/recon/2022-08-08_204435/screens/http.journeys-coaching-preprod.sentiance.com.png,/home/Armoo/hunt/fast/sentiance.com/recon/2022-08-08_204435/source/http.preprod-firehose-sink.sentiance.com.txt
http,80,www.sentiance.com,Timeout,/home/Armoo/hunt/fast/sentiance.com/recon/2022-08-08_204435/screens/http.www.sentiance.com.png,/home/Armoo/hunt/fast/sentiance.com/recon/2022-08-08_204435/source/http.www.sentiance.com.txt
http,80,developers.sentiance.com,Timeout,/home/Armoo/hunt/fast/sentiance.com/recon/2022-08-08_204435/screens/http.developers.sentiance.com.png,/home/Armoo/hunt/fast/sentiance.com/recon/2022-08-08_204435/source/http.developers.sentiance.com.txt
http,80,docs.sentiance.com,Timeout,/home/Armoo/hunt/fast/sentiance.com/recon/2022-08-08_204435/screens/http.docs.sentiance.com.png,/home/Armoo/hunt/fast/sentiance.com/recon/2022-08-08_204435/source/http.docs.sentiance.com.txt
http,80,repository.sentiance.com,Successful,/home/Armoo/hunt/fast/sentiance.com/recon/2022-08-08_204435/screens/http.repository.sentiance.com.png,/home/Armoo/hunt/fast/sentiance.com/recon/2022-08-08_204435/source/http.repository.sentiance.com.txt
http,80,sentiance.com,Timeout,/home/Armoo/hunt/fast/sentiance.com/recon/2022-08-08_204435/screens/http.sentiance.com.png,/home/Armoo/hunt/fast/sentiance.com/recon/2022-08-08_204435/source/http.sentiance.com.txt
http,80,sentiance.com,Timeout,/home/Armoo/hunt/fast/sentiance.com/recon/2022-08-08_204435/screens/http.sentiance.com.png,/home/Armoo/hunt/fast/sentiance.com/recon/2022-08-08_204435/source/http.sentiance.com.txt
http,80,www.sentiance.com,Timeout,/home/Armoo/hunt/fast/sentiance.com/recon/2022-08-08_204435/screens/http.www.sentiance.com.png,/home/Armoo/hunt/fast/sentiance.com/recon/2022-08-08_204435/source/http.www.sentiance.com.txt
http,80,firehose.sentiance.com,Successful,/home/Armoo/hunt/fast/sentiance.com/recon/2022-08-08_204435/screens/http.firehose.sentiance.com.png,/home/Armoo/hunt/fast/sentiance.com/recon/2022-08-08_204435/source/http.firehose.sentiance.com.txt
http,80,www.firehose.sentiance.com,BadStatus,/home/Armoo/hunt/fast/sentiance.com/recon/2022-08-08_204435/screens/http.www.firehose.sentiance.com.png,/home/Armoo/hunt/fast/sentiance.com/recon/2022-08-08_204435/source/http.www.firehose.sentiance.com.txt
http,80,preprod-firehose.sentiance.com,Successful,/home/Armoo/hunt/fast/sentiance.com/recon/2022-08-08_204435/screens/http.preprod-firehose.sentiance.com.png,/home/Armoo/hunt/fast/sentiance.com/recon/2022-08-08_204435/source/http.preprod-firehose.sentiance.com.txt
http,80,www.preprod-firehose.sentiance.com,BadStatus,/home/Armoo/hunt/fast/sentiance.com/recon/2022-08-08_204435/screens/http.www.preprod-firehose.sentiance.com.png,/home/Armoo/hunt/fast/sentiance.com/recon/2022-08-08_204435/source/http.www.preprod-firehose.sentiance.com.txt
http,80,sentiance.com,Timeout,/home/Armoo/hunt/fast/sentiance.com/recon/2022-08-08_204435/screens/http.sentiance.com.png,/home/Armoo/hunt/fast/sentiance.com/recon/2022-08-08_204435/source/http.sentiance.com.txt
http,80,sentiance.com,Timeout,/home/Armoo/hunt/fast/sentiance.com/recon/2022-08-08_204435/screens/http.sentiance.com.png,/home/Armoo/hunt/fast/sentiance.com/recon/2022-08-08_204435/source/http.sentiance.com.txt
http,80,y13.sentiance.com,BadStatus,/home/Armoo/hunt/fast/sentiance.com/recon/2022-08-08_204435/screens/http.y13.sentiance.com.png,/home/Armoo/hunt/fast/sentiance.com/recon/2022-08-08_204435/source/http.y13.sentiance.com.txt
http,80,y13.sentiance.com,BadStatus,/home/Armoo/hunt/fast/sentiance.com/recon/2022-08-08_204435/screens/http.y13.sentiance.com.png,/home/Armoo/hunt/fast/sentiance.com/recon/2022-08-08_204435/source/http.y13.sentiance.com.txt
http,80,mtls-api.h11.sentiance.com,Timeout,/home/Armoo/hunt/fast/sentiance.com/recon/2022-08-08_204435/screens/http.mtls-api.h11.sentiance.com.png,/home/Armoo/hunt/fast/sentiance.com/recon/2022-08-08_204435/source/http.mtls-api.h11.sentiance.com.txt
http,80,www.mtls-api.h11.sentiance.com,BadStatus,/home/Armoo/hunt/fast/sentiance.com/recon/2022-08-08_204435/screens/http.www.mtls-api.h11.sentiance.com.png,/home/Armoo/hunt/fast/sentiance.com/recon/2022-08-08_204435/source/http.www.mtls-api.h11.sentiance.com.txt
http,80,journeys-api.sentiance.com,Timeout,/home/Armoo/hunt/fast/sentiance.com/recon/2022-08-08_204435/screens/http.journeys-api.sentiance.com.png,/home/Armoo/hunt/fast/sentiance.com/recon/2022-08-08_204435/source/http.journeys-api.sentiance.com.txt
http,80,www.journeys-api.sentiance.com,BadStatus,/home/Armoo/hunt/fast/sentiance.com/recon/2022-08-08_204435/screens/http.www.journeys-api.sentiance.com.png,/home/Armoo/hunt/fast/sentiance.com/recon/2022-08-08_204435/source/http.www.journeys-api.sentiance.com.txt
http,80,journeys-preprod-api.sentiance.com,Timeout,/home/Armoo/hunt/fast/sentiance.com/recon/2022-08-08_204435/screens/http.journeys-preprod-api.sentiance.com.png,/home/Armoo/hunt/fast/sentiance.com/recon/2022-08-08_204435/source/http.journeys-preprod-api.sentiance.com.txt
http,80,www.journeys-preprod-api.sentiance.com,BadStatus,/home/Armoo/hunt/fast/sentiance.com/recon/2022-08-08_204435/screens/http.www.journeys-preprod-api.sentiance.com.png,/home/Armoo/hunt/fast/sentiance.com/recon/2022-08-08_204435/source/http.www.journeys-preprod-api.sentiance.com.txt
http,80,d4.sentiance.com,BadStatus,/home/Armoo/hunt/fast/sentiance.com/recon/2022-08-08_204435/screens/http.d4.sentiance.com.png,/home/Armoo/hunt/fast/sentiance.com/recon/2022-08-08_204435/source/http.d4.sentiance.com.txt
http,80,d4.sentiance.com,BadStatus,/home/Armoo/hunt/fast/sentiance.com/recon/2022-08-08_204435/screens/http.d4.sentiance.com.png,/home/Armoo/hunt/fast/sentiance.com/recon/2022-08-08_204435/source/http.d4.sentiance.com.txt
http,80,preprod-firehose-sink.sentiance.com,Successful,/home/Armoo/hunt/fast/sentiance.com/recon/2022-08-08_204435/screens/http.journeys-coaching-preprod.sentiance.com.png,/home/Armoo/hunt/fast/sentiance.com/recon/2022-08-08_204435/source/http.preprod-firehose-sink.sentiance.com.txt
http,80,www.preprod-firehose-sink.sentiance.com,BadStatus,/home/Armoo/hunt/fast/sentiance.com/recon/2022-08-08_204435/screens/http.www.preprod-firehose-sink.sentiance.com.png,/home/Armoo/hunt/fast/sentiance.com/recon/2022-08-08_204435/source/http.www.preprod-firehose-sink.sentiance.com.txt
http,80,h11.sentiance.com,BadStatus,/home/Armoo/hunt/fast/sentiance.com/recon/2022-08-08_204435/screens/http.h11.sentiance.com.png,/home/Armoo/hunt/fast/sentiance.com/recon/2022-08-08_204435/source/http.h11.sentiance.com.txt
http,80,h11.sentiance.com,BadStatus,/home/Armoo/hunt/fast/sentiance.com/recon/2022-08-08_204435/screens/http.h11.sentiance.com.png,/home/Armoo/hunt/fast/sentiance.com/recon/2022-08-08_204435/source/http.h11.sentiance.com.txt
http,80,p9.sentiance.com,BadStatus,/home/Armoo/hunt/fast/sentiance.com/recon/2022-08-08_204435/screens/http.p9.sentiance.com.png,/home/Armoo/hunt/fast/sentiance.com/recon/2022-08-08_204435/source/http.p9.sentiance.com.txt
http,80,p9.sentiance.com,BadStatus,/home/Armoo/hunt/fast/sentiance.com/recon/2022-08-08_204435/screens/http.p9.sentiance.com.png,/home/Armoo/hunt/fast/sentiance.com/recon/2022-08-08_204435/source/http.p9.sentiance.com.txt
http,80,firehose.h11.sentiance.com,Successful,/home/Armoo/hunt/fast/sentiance.com/recon/2022-08-08_204435/screens/http.firehose.h11.sentiance.com.png,/home/Armoo/hunt/fast/sentiance.com/recon/2022-08-08_204435/source/http.firehose.h11.sentiance.com.txt
http,80,www.firehose.h11.sentiance.com,BadStatus,/home/Armoo/hunt/fast/sentiance.com/recon/2022-08-08_204435/screens/http.www.firehose.h11.sentiance.com.png,/home/Armoo/hunt/fast/sentiance.com/recon/2022-08-08_204435/source/http.www.firehose.h11.sentiance.com.txt
http,80,preprod-aaquita-api.sentiance.com,BadStatus,/home/Armoo/hunt/fast/sentiance.com/recon/2022-08-08_204435/screens/http.preprod-aaquita-api.sentiance.com.png,/home/Armoo/hunt/fast/sentiance.com/recon/2022-08-08_204435/source/http.preprod-aaquita-api.sentiance.com.txt
http,80,r10.sentiance.com,BadStatus,/home/Armoo/hunt/fast/sentiance.com/recon/2022-08-08_204435/screens/http.r10.sentiance.com.png,/home/Armoo/hunt/fast/sentiance.com/recon/2022-08-08_204435/source/http.r10.sentiance.com.txt
http,80,r10.sentiance.com,BadStatus,/home/Armoo/hunt/fast/sentiance.com/recon/2022-08-08_204435/screens/http.r10.sentiance.com.png,/home/Armoo/hunt/fast/sentiance.com/recon/2022-08-08_204435/source/http.r10.sentiance.com.txt
http,80,firehose.p9.sentiance.com,Successful,/home/Armoo/hunt/fast/sentiance.com/recon/2022-08-08_204435/screens/http.firehose.p9.sentiance.com.png,/home/Armoo/hunt/fast/sentiance.com/recon/2022-08-08_204435/source/http.firehose.p9.sentiance.com.txt
http,80,www.firehose.p9.sentiance.com,BadStatus,/home/Armoo/hunt/fast/sentiance.com/recon/2022-08-08_204435/screens/http.www.firehose.p9.sentiance.com.png,/home/Armoo/hunt/fast/sentiance.com/recon/2022-08-08_204435/source/http.www.firehose.p9.sentiance.com.txt
http,80,preprod-aaquita-cdn.sentiance.com,BadStatus,/home/Armoo/hunt/fast/sentiance.com/recon/2022-08-08_204435/screens/http.preprod-aaquita-cdn.sentiance.com.png,/home/Armoo/hunt/fast/sentiance.com/recon/2022-08-08_204435/source/http.preprod-aaquita-cdn.sentiance.com.txt
http,80,journeysbe.sentiance.com,BadStatus,/home/Armoo/hunt/fast/sentiance.com/recon/2022-08-08_204435/screens/http.journeysbe.sentiance.com.png,/home/Armoo/hunt/fast/sentiance.com/recon/2022-08-08_204435/source/http.journeysbe.sentiance.com.txt
http,80,www.journeysbe.sentiance.com,BadStatus,/home/Armoo/hunt/fast/sentiance.com/recon/2022-08-08_204435/screens/http.www.journeysbe.sentiance.com.png,/home/Armoo/hunt/fast/sentiance.com/recon/2022-08-08_204435/source/http.www.journeysbe.sentiance.com.txt
http,80,e6.sentiance.com,BadStatus,/home/Armoo/hunt/fast/sentiance.com/recon/2022-08-08_204435/screens/http.e6.sentiance.com.png,/home/Armoo/hunt/fast/sentiance.com/recon/2022-08-08_204435/source/http.e6.sentiance.com.txt
http,80,e6.sentiance.com,BadStatus,/home/Armoo/hunt/fast/sentiance.com/recon/2022-08-08_204435/screens/http.e6.sentiance.com.png,/home/Armoo/hunt/fast/sentiance.com/recon/2022-08-08_204435/source/http.e6.sentiance.com.txt
http,80,int.sentiance.com,BadStatus,/home/Armoo/hunt/fast/sentiance.com/recon/2022-08-08_204435/screens/http.int.sentiance.com.png,/home/Armoo/hunt/fast/sentiance.com/recon/2022-08-08_204435/source/http.int.sentiance.com.txt
http,80,int.sentiance.com,BadStatus,/home/Armoo/hunt/fast/sentiance.com/recon/2022-08-08_204435/screens/http.int.sentiance.com.png,/home/Armoo/hunt/fast/sentiance.com/recon/2022-08-08_204435/source/http.int.sentiance.com.txt
http,80,betadoc.sentiance.com,BadStatus,/home/Armoo/hunt/fast/sentiance.com/recon/2022-08-08_204435/screens/http.betadoc.sentiance.com.png,/home/Armoo/hunt/fast/sentiance.com/recon/2022-08-08_204435/source/http.betadoc.sentiance.com.txt
http,80,cn.sentiance.com,BadStatus,/home/Armoo/hunt/fast/sentiance.com/recon/2022-08-08_204435/screens/http.cn.sentiance.com.png,/home/Armoo/hunt/fast/sentiance.com/recon/2022-08-08_204435/source/http.cn.sentiance.com.txt
http,80,cn.sentiance.com,BadStatus,/home/Armoo/hunt/fast/sentiance.com/recon/2022-08-08_204435/screens/http.cn.sentiance.com.png,/home/Armoo/hunt/fast/sentiance.com/recon/2022-08-08_204435/source/http.cn.sentiance.com.txt
http,80,api.p9.sentiance.com,Timeout,/home/Armoo/hunt/fast/sentiance.com/recon/2022-08-08_204435/screens/http.api.p9.sentiance.com.png,/home/Armoo/hunt/fast/sentiance.com/recon/2022-08-08_204435/source/http.api.p9.sentiance.com.txt
http,80,no names were discovered,BadStatus,/home/Armoo/hunt/fast/sentiance.com/recon/2022-08-08_204435/screens/http.No names were discovered.png,/home/Armoo/hunt/fast/sentiance.com/recon/2022-08-08_204435/source/http.No names were discovered.txt